<?xml version="1.0" encoding="UTF-8"?>
<!--第一行内容是xml版本和编码信息 -->
<!-- xml文档编辑的基本规则： 保持英文字母的前后一致性 开始的控制标记与结束的控制标记缺一不可 属性值设置的时候必须要使用双引号" "包围 -->
<!DOCTYPE students[
	<!ELEMENT student(student+)>
	<!ELEMENT student(name, age, score)
	<!ATTLIST student id CDATA # REQUIRED>
	<!ELEMENT name(#PCDATE)>
	<!ELEMENT age(#PCDATE)>
	<!ELEMENT score(#PCDATE)>
]>


<students>
	<student id="172031">
		<name>李刚</name>
		<age>15</age>
		<score>89</score>
	</student>

	

	<student id="172032">
		<name>小强</name>
		<age>17</age>

		<score>74</score>
	</student><student id="172033">
		<name>徐强</name>
		<age>19</age>

		<score>84</score>
	</student>

	<student id="172034">
		<name>黄琪</name>
		<age>16</age>
		<score>95</score>
	</student>

